{
  "impact": 3,
  "unchoosable": false,
  "name": "Pip",
  "description": "Once a normal elytrian, now integrated into the mushroom clan's hivemind. Not only the ambassador, but the messenger of he clan and advisor to the Sporei.'",
  "icon": "minecraft:red_mushroom",
  "powers": [
    "origins:extra_reach",
    "origins:fall_immunity",
    "origins:sprint_jump",
    "fungal:shroomed",
    "origins:elytra",
    "origins:tailwind",
    "origins:launch_into_air",
    "origins:aerial_combatant",
    "fungal:rage_fungus",
    "fungal:immunity"
  ]
}