{
    "type": "origins:multiple",
    "active": {
        "type": "origins:resource",
        "min": 0,
        "max": 1,
        "start_value": 0,
        "hud_render": {
            "should_render": true,
            "bar_index": 3
        }
    },
    "activation": {
        "type": "origins:active_self",
        "entity_action": {
            "type": "origins:and",
            "actions": [
                {
                    "type": "origins:change_resource",
                    "resource": "*:rage_fungus_active",
                    "change": 1
                },
                {
                    "type": "origins:play_sound",
                    "sound": "entity.wither.ambient",
                    "pitch": 0.7
                }
            ]
        },
        "cooldown": 500,
        "hud_render": {
            "should_render": true,
            "bar_index": 8
        },
        "key": {
            "key": "key.origins.secondary_active",
            "continuous": true
        }
    },
    "hit": {
        "type": "origins:target_action_on_hit",
        "entity_action": {
            "type": "origins:and",
            "actions": [
                {
                    "type": "origins:spawn_effect_cloud",
                    "radius": 10,
                    "radius_on_use": -0.25,
                    "wait_time": 0,
                    "effects": [
                        {
                            "effect": "minecraft:slowness",
                            "duration": 200,
                            "show_particles": true,
                            "show_icon": false,
                            "amplifier": 5
                        },
                        {
                            "effect": "minecraft:poison",
                            "duration": 200,
                            "show_particles": true,
                            "show_icon": false,
                            "amplifier": 4
                        }
                    ]
                }
            ]
        },
        "cooldown":0,
        "condition": {
            "type": "origins:resource",
            "resource": "*:rage_fungus_active",
            "comparison": "==",
            "compare_to": 1
        }
    },
    "consume": {
        "type": "origins:self_action_on_hit",
        "entity_action": {
            "type": "origins:delay",
            "ticks": 2,
            "action": {
                "type": "origins:change_resource",
                "resource": "*:rage_fungus_active",
                "change": -1
            }
        },
        "cooldown": 0,
        "hud_render": {
            "should_render": false,
            "bar_index": 8
        }
    }
}
